first_name,last_name,email,gender,salary
Carlye,Baiyle,cbaiyle0@tripod.com,F,224511
Sven,,skinnerley1@about.com,M,333294
Annmarie,Marusic,amarusic2@cyberchimps.com,F,310723
Robert,Putley,rputley3@economist.com,M,521754
Lurline,Coite,lcoite4@ask.com,F,207699
Allene,Rego,arego5@topsy.com,F,242882
Jeanine,Kenshole,jkenshole6@jalbum.net,F,434885
Henderson,Bootland,hbootland7@seesaa.net,M,369184
Estelle,Roussel,eroussel8@hp.com,F,392676
Marijn,Webermann,mwebermann9@freewebs.com,M,112013
Murdock,Roblin,mroblina@reuters.com,M,80112
Cally,Fanshawe,cfanshaweb@shareasale.com,F,445050
Georges,Jaqueme,gjaquemec@vkontakte.ru,M,
Orbadiah,Geard,ogeardd@google.cn,M,435490
Tuck,Norree,tnorreee@google.pl,M,341108
Cleopatra,Dennington,cdenningtonf@bizjournals.com,F,573556
Ber,Baine,bbaineg@symantec.com,M,434989
Mohandas,Skipper,mskipperh@ebay.com,M,323367
Jacenta,Harrell,jharrelli@go.com,F,575828
Regen,Edmundson,redmundsonj@photobucket.com,,532272
Taddeusz,McQuorkel,tmcquorkelk@taobao.com,M,596297
Deane,Holah,dholahl@bravesites.com,M,360126
Josiah,Linford,jlinfordm@unicef.org,M,318326
Jemmie,McMurrugh,jmcmurrughn@psu.edu,F,551517
Major,Spacey,mspaceyo@ocn.ne.jp,M,488164
Nedi,Monro,nmonrop@dailymotion.com,F,224616
Minnaminnie,Latch,mlatchq@mit.edu,F,595452
Andrej,Woodhead,awoodheadr@deliciousdays.com,M,479591
Woodman,Lismore,wlismores@microsoft.com,M,
Gail,MacKinnon,gmackinnont@wufoo.com,M,221884
Brook,Longridge,blongridgeu@si.edu,F,189476
Bendick,Gorringe,bgorringev@sogou.com,M,144665
Alvina,Allsobrook,aallsobrookw@domainmarket.com,F,327750
Boot,Ellerington,belleringtonx@hugedomains.com,M,375548
Marja,Raffeorty,mraffeortyy@cpanel.net,,181305
Goran,Ghilks,gghilksz@pcworld.com,M,228946
Beck,Owers,bowers10@webmd.com,M,
Tulley,Blaxton,tblaxton11@scribd.com,M,423028
Davis,Goldson,dgoldson12@soundcloud.com,M,228279
Brody,Backwell,bbackwell13@canalblog.com,M,590607
Carolyn,Buttwell,cbuttwell14@surveymonkey.com,F,
Janos,Heaker,jheaker15@nytimes.com,M,85984
Erastus,Crossthwaite,ecrossthwaite16@bloglines.com,M,118383
Tansy,Welch,twelch17@ifeng.com,F,291054
Gregor,Wein,gwein18@fc2.com,M,247078
Si,Moggach,smoggach19@marketwatch.com,M,113802
Helaina,Besson,hbesson1a@sogou.com,F,
Emalee,Broadfield,ebroadfield1b@nationalgeographic.com,F,441742
Claudelle,Vannikov,cvannikov1c@lulu.com,F,70952
Myles,Balcock,mbalcock1d@nytimes.com,M,82380
Jade,,jhargreves1e@ameblo.jp,F,510043
Abba,Dempsey,adempsey1f@cocolog-nifty.com,M,486890
Derril,Whiffin,dwhiffin1g@seattletimes.com,M,213708
Tricia,Sydney,tsydney1h@phoca.cz,F,447190
Fleurette,Marchbank,fmarchbank1i@answers.com,F,488325
Blair,Storm,bstorm1j@theglobeandmail.com,F,251766
Paule,Brader,pbrader1k@is.gd,F,129052
Bent,Pettyfer,bpettyfer1l@home.pl,M,593125
Alecia,Springthorp,aspringthorp1m@people.com.cn,F,162767
Faulkner,Glackin,fglackin1n@youtube.com,M,540262
Rebeca,Eccleshare,reccleshare1o@xinhuanet.com,F,192862
Fara,Pinxton,fpinxton1p@4shared.com,F,304730
Reggis,Canelas,rcanelas1q@sitemeter.com,M,
Farly,Djurdjevic,fdjurdjevic1r@berkeley.edu,M,490337
Aloysia,Stocky,astocky1s@free.fr,F,572964
Tobiah,Chesser,tchesser1t@upenn.edu,M,359407
Lily,Rickesies,lrickesies1u@ycombinator.com,F,432980
Jethro,Jachimczak,jjachimczak1v@t-online.de,M,110922
Tarah,Cabrales,tcabrales1w@amazonaws.com,F,161872
Pavlov,Clougher,pclougher1x@rakuten.co.jp,M,
Felicio,Gives,fgives1y@accuweather.com,M,117443
Dominick,Dyer,ddyer1z@deviantart.com,M,55316
Jackelyn,Pickthorne,jpickthorne20@google.it,F,388489
Skell,Mathou,smathou21@google.com.br,M,53136
Heall,Lemary,hlemary22@netvibes.com,M,424979
Mable,Moyce,mmoyce23@dmoz.org,F,457659
Zelig,Landis,zlandis24@gov.uk,M,552117
Townsend,Newall,tnewall25@europa.eu,M,389550
Arley,Cowmeadow,acowmeadow26@weebly.com,M,564762
Daven,Crannach,dcrannach27@admin.ch,M,
Lawry,Pacey,lpacey28@apache.org,M,538299
Darci,Schlagman,dschlagman29@marriott.com,F,206864
Fax,Grishenkov,fgrishenkov2a@sourceforge.net,M,281886
Hurlee,Sobtka,hsobtka2b@cpanel.net,M,519009
Gustav,Sussams,gsussams2c@zdnet.com,M,264313
Myer,Crimmins,mcrimmins2d@ustream.tv,M,472477
Emmott,Hinge,ehinge2e@domainmarket.com,M,351422
Inglebert,Osborn,iosborn2f@posterous.com,M,70565
Meade,McNaughton,mmcnaughton2g@ezinearticles.com,F,
Wilhelm,Parrish,wparrish2h@cdbaby.com,M,404427
Wally,Winterbottom,wwinterbottom2i@yahoo.co.jp,F,438073
Guglielmo,Kehoe,gkehoe2j@geocities.jp,,472723
Anthiathia,O'Halligan,aohalligan2k@homestead.com,F,368826
Ky,Coney,kconey2l@deliciousdays.com,M,
Kirstyn,January 1st,kjanuaryst2m@ibm.com,F,368870
Horacio,Truman,htruman2n@rediff.com,M,370093
Powell,Guidoni,pguidoni2o@java.com,M,484958
Jane,Ferriday,jferriday2p@nature.com,F,417642
Verge,Fullom,vfullom2q@geocities.jp,M,141423
Joann,Bill,jbill2r@hud.gov,F,350449
Ebba,Boatright,eboatright2s@accuweather.com,F,545638
Ilise,Egel,iegel2t@patch.com,F,
Erda,Calderon,ecalderon2u@census.gov,F,73334
Sophie,Itscowicz,sitscowicz2v@omniture.com,F,570816
Audrie,Rattrie,arattrie2w@nih.gov,F,141815
Biddie,Bolletti,bbolletti2x@amazonaws.com,F,221987
Rosalynd,Lidbetter,rlidbetter2y@tuttocitta.it,F,171667
Danyelle,Gajownik,dgajownik2z@gov.uk,F,
Jdavie,Belvard,jbelvard30@cnet.com,M,454472
Pavel,Foden,pfoden31@mtv.com,M,
Perla,Sugge,psugge32@skype.com,F,541385
Lissi,Colter,lcolter33@kickstarter.com,,
Sibyl,Plaschke,splaschke34@go.com,M,
Julee,Lorden,jlorden35@ehow.com,F,284423
Rafe,Hixley,rhixley36@salon.com,M,569407
Ewan,Aitkin,eaitkin37@booking.com,M,163789
Vita,Ashbolt,vashbolt38@hao123.com,,115660
Donall,Burk,dburk39@wp.com,M,417143
Garrett,Quernel,gquernel3a@gizmodo.com,M,528402
Mordy,Hoggan,mhoggan3b@amazonaws.com,M,
Pernell,Gawkes,pgawkes3c@jalbum.net,M,
Davina,Haborn,dhaborn3d@mayoclinic.com,F,468364
Rhianon,George,rgeorge3e@cpanel.net,F,300585
Tymothy,Sellor,tsellor3f@theatlantic.com,M,
Moe,Inchbald,minchbald3g@eepurl.com,M,495925
Winnie,Trehearn,wtrehearn3h@uiuc.edu,M,121021
Roxy,Kovacs,rkovacs3i@vinaora.com,F,418458
Yovonnda,Laurentin,ylaurentin3j@netscape.com,F,53212
Zane,Autry,zautry3k@angelfire.com,M,334650
Brandise,Fattore,bfattore3l@mozilla.com,F,542515
Hubey,Pitts,hpitts3m@cyberchimps.com,M,189206
Damien,Jeannin,djeannin3n@sphinn.com,M,136527
Lanie,,lelia3o@tiny.cc,F,557071
Jeanette,Micco,jmicco3p@washington.edu,F,217807
Beckie,Scullion,bscullion3q@drupal.org,F,281787
Michelina,Luety,mluety3r@yolasite.com,F,
Erich,Hubery,ehubery3s@theglobeandmail.com,M,72332
Neill,Bride,nbride3t@histats.com,M,
Dewey,Rodolphe,drodolphe3u@cisco.com,M,458348
Ivonne,McGooch,imcgooch3v@examiner.com,F,129343
Othilia,Polet,opolet3w@vinaora.com,F,288139
Brewer,Carsey,bcarsey3x@twitter.com,M,520358
Guilbert,Perri,gperri3y@hatena.ne.jp,M,439876
Shaughn,Lunge,slunge3z@mac.com,M,275976
Alina,Conkie,aconkie40@washington.edu,F,369637
Amabelle,Klosges,aklosges41@ucsd.edu,F,262040
Iosep,Denford,idenford42@discuz.net,M,282847
Lindsay,Siburn,lsiburn43@jalbum.net,M,
Sarina,Redgate,sredgate44@dmoz.org,F,131672
Lulu,Endicott,lendicott45@amazon.de,F,291616
Danit,Domaschke,ddomaschke46@huffingtonpost.com,F,163836
Al,Neenan,aneenan47@fotki.com,M,415697
Nollie,Kilvington,nkilvington48@archive.org,F,529345
Allyce,Gianetti,agianetti49@timesonline.co.uk,F,
Conny,Yvon,cyvon4a@gravatar.com,F,209965
Adda,Skirling,askirling4b@qq.com,F,105588
Raye,Posselow,rposselow4c@infoseek.co.jp,F,206063
Kennie,Berthelmot,kberthelmot4d@mapquest.com,M,430279
Sharl,Koppen,skoppen4e@gizmodo.com,F,579137
Pedro,Scadden,pscadden4f@samsung.com,M,497996
Abbott,Perllman,aperllman4g@smugmug.com,M,
Roxanna,Roadknight,rroadknight4h@sciencedirect.com,F,273751
Lynelle,Baroch,lbaroch4i@yellowpages.com,F,473130
Whittaker,Buten,wbuten4j@youku.com,M,180936
Jeremiah,Kenion,jkenion4k@usda.gov,M,500434
Shelby,Keets,skeets4l@fastcompany.com,M,118645
Tallia,Dewsnap,tdewsnap4m@google.fr,F,239762
Filmore,Catonnet,fcatonnet4n@fema.gov,M,204632
Garret,Shutte,gshutte4o@ftc.gov,M,207937
Ivonne,Barwell,ibarwell4p@usatoday.com,F,108966
Valentijn,Freddi,vfreddi4q@gmpg.org,M,
Baird,Ciepluch,bciepluch4r@github.com,M,99942
Dolli,Neiland,dneiland4s@amazon.co.jp,F,473817
Rianon,Bentson,rbentson4t@furl.net,F,392559
Lanie,Chadbourne,lchadbourne4u@163.com,F,66392
Amie,Eye,aeye4v@chicagotribune.com,F,60145
Broderic,Vasishchev,bvasishchev4w@1688.com,M,
Janean,Redler,jredler4x@bizjournals.com,F,
Cinderella,Meaders,cmeaders4y@drupal.org,F,473406
Randall,Livsey,rlivsey4z@opera.com,M,237722
Isidoro,Mackiewicz,imackiewicz50@imageshack.us,M,304887
Diandra,Fayerman,dfayerman51@vk.com,F,248900
Gertie,Noor,gnoor52@state.tx.us,F,176804
Ardella,Sugarman,asugarman53@1und1.de,F,387147
Boote,Agass,bagass54@artisteer.com,M,162505
Kingsly,Dwane,kdwane55@cornell.edu,M,430453
Sheelagh,Hurburt,shurburt56@constantcontact.com,F,226161
Maison,Carden,mcarden57@istockphoto.com,M,263748
Harley,Mordey,hmordey58@addtoany.com,F,330778
Dur,Billingsly,dbillingsly59@google.co.jp,M,388279
Diana,Macilhench,dmacilhench5a@eepurl.com,F,349170
Alethea,Farnill,afarnill5b@sakura.ne.jp,F,453630
Kailey,Wittleton,kwittleton5c@state.tx.us,F,251323
Jewelle,Padillo,jpadillo5d@earthlink.net,F,187344
Selie,Febre,sfebre5e@guardian.co.uk,F,184467
Carmine,Spridgeon,cspridgeon5f@samsung.com,F,421992
Hilario,Paynes,hpaynes5g@furl.net,M,310461
Sky,Whitear,swhitear5h@home.pl,M,432671
Sly,Porcas,sporcas5i@feedburner.com,M,
Ira,Bellany,ibellany5j@vinaora.com,M,84259
Dorita,Muehler,dmuehler5k@cnn.com,F,417162
Gladys,Farnsworth,gfarnsworth5l@istockphoto.com,F,270051
Cecilia,Yanne,cyanne5m@angelfire.com,F,
Zena,Lummus,zlummus5n@infoseek.co.jp,F,82685
Gale,Larrie,glarrie5o@wix.com,F,
Thatch,Brundrett,tbrundrett5p@about.me,M,262074
Madeleine,Cann,mcann5q@hibu.com,F,
Brendan,Choake,bchoake5r@hhs.gov,M,158920
Leeland,Porcher,lporcher5s@comsenz.com,M,
Keely,Kinahan,kkinahan5t@howstuffworks.com,F,207421
Angeline,Billanie,abillanie5u@state.tx.us,F,247028
Pearla,Burgher,pburgher5v@123-reg.co.uk,F,240099
Chrissie,Panas,cpanas5w@cnbc.com,M,213030
Vassily,Vink,vvink5x@instagram.com,M,513237
Reinald,Wride,rwride5y@dedecms.com,M,75626
Gale,Kearle,gkearle5z@comsenz.com,F,503979
Yale,Guillon,yguillon60@google.de,M,96155
Tiertza,Skeat,tskeat61@drupal.org,F,101979
Harriette,Worswick,hworswick62@twitter.com,F,506647
Michal,Admans,madmans63@hhs.gov,F,
Ronald,Pighills,rpighills64@behance.net,M,422488
Tamra,Braunter,tbraunter65@ifeng.com,F,296324
Billy,Seal,bseal66@blogspot.com,M,492732
Grayce,Dutson,gdutson67@mashable.com,F,148378
Daven,Hosby,dhosby68@seattletimes.com,M,408673
Etty,Cristoforo,ecristoforo69@topsy.com,F,180388
Yolanda,Coltart,ycoltart6a@sun.com,F,204168
Garv,Rainbow,grainbow6b@netscape.com,M,112440
Any,Larrett,alarrett6c@unblog.fr,M,306517
Olivero,Holburn,oholburn6d@unblog.fr,M,215276
Doralynne,Dabels,ddabels6e@cnn.com,F,355698
Sibyl,Crus,scrus6f@youtube.com,F,211459
Silvano,Attow,sattow6g@zimbio.com,M,258972
Caspar,Waye,cwaye6h@walmart.com,M,366866
Auroora,Dossit,adossit6i@plala.or.jp,F,77030
Petronella,Chaster,pchaster6j@discovery.com,F,224903
Roderigo,Klimowski,rklimowski6k@tumblr.com,M,181551
Calley,Matijasevic,cmatijasevic6l@oakley.com,F,472858
Steve,Brand,sbrand6m@ycombinator.com,M,135876
Phylis,Goggen,pgoggen6n@arstechnica.com,F,
Eolanda,Greensitt,egreensitt6o@fda.gov,F,366376
Ulrica,Fontel,ufontel6p@timesonline.co.uk,F,
Collie,Farry,cfarry6q@fc2.com,F,70146
Thekla,Kobsch,tkobsch6r@geocities.com,F,569372
Even,Quibell,equibell6s@blogger.com,M,438700
Barr,Crickmoor,bcrickmoor6t@un.org,M,51076
Marjory,Barrett,mbarrett6u@mlb.com,F,419752
Isabella,Laban,ilaban6v@wiley.com,F,56882
Alvera,Glennie,aglennie6w@amazonaws.com,F,
Rafe,Whitwham,rwhitwham6x@google.nl,M,64547
Iolanthe,Rupel,irupel6y@meetup.com,F,476862
Sada,Lowthorpe,slowthorpe6z@discovery.com,F,291265
Jacquelin,Gauchier,jgauchier70@smh.com.au,F,
Gertrud,Rosenboim,grosenboim71@last.fm,F,
Kaiser,Bow,kbow72@woothemes.com,M,474151
Evita,Fearenside,efearenside73@nhs.uk,F,147136
Lebbie,Erat,lerat74@altervista.org,,562659
Ottilie,Bullan,obullan75@census.gov,F,242550
Micaela,Ebourne,mebourne76@businessinsider.com,F,114462
Edithe,Beaten,ebeaten77@hexun.com,F,576215
Winnie,Yanin,wyanin78@umich.edu,M,480530
Jermayne,Hollier,jhollier79@hao123.com,M,149339
Jorgan,McInulty,jmcinulty7a@reverbnation.com,M,
Samson,Newson,snewson7b@tinyurl.com,M,598875
Maible,MacVaugh,mmacvaugh7c@tumblr.com,F,500904
Daveta,,dhardiman7d@indiegogo.com,F,72182
Iggie,Parradine,iparradine7e@whitehouse.gov,M,511684
Vassily,Riha,vriha7f@zimbio.com,M,389395
Mayne,Bicksteth,mbicksteth7g@baidu.com,M,381294
Vite,Pancoast,vpancoast7h@rediff.com,M,160166
Virgil,Deakins,vdeakins7i@live.com,M,350166
Camella,Pauleit,cpauleit7j@taobao.com,F,403968
Maryellen,Ingles,mingles7k@creativecommons.org,F,
Zane,True,ztrue7l@nyu.edu,M,427400
Sarine,Proschek,sproschek7m@si.edu,F,77884
Kally,Pollie,kpollie7n@census.gov,F,229794
Inger,Wellum,iwellum7o@hexun.com,M,
Ardith,Medeway,amedeway7p@so-net.ne.jp,F,249866
Regan,Ives,rives7q@deliciousdays.com,F,95383
Gawain,Axelbee,gaxelbee7r@yandex.ru,M,388868
Rennie,Newsham,rnewsham7s@lycos.com,F,513969
Kaja,Mulligan,kmulligan7t@github.io,F,
Giuseppe,Claworth,gclaworth7u@theglobeandmail.com,M,
Janetta,MacPherson,jmacpherson7v@printfriendly.com,F,111214
Camey,Camel,ccamel7w@hao123.com,M,365334
Vassili,Kohlert,vkohlert7x@google.ru,M,177229
Lesley,Jarvis,ljarvis7y@rakuten.co.jp,F,517994
Lazar,Rigeby,lrigeby7z@techcrunch.com,M,86516
Timmy,Eveleigh,teveleigh80@pinterest.com,M,55558
Bernadette,O' Sullivan,bosullivan81@wikispaces.com,,392250
Farlie,Hise,fhise82@yahoo.co.jp,M,530163
Paolina,Haire,phaire83@google.es,F,
Johannes,Magson,jmagson84@ocn.ne.jp,M,282280
Charisse,Huggill,chuggill85@naver.com,F,482532
Kalil,Gergler,kgergler86@rediff.com,M,476108
Mattias,de Quincey,mdequincey87@ft.com,M,
Merrili,Paradine,mparadine88@tuttocitta.it,F,254280
Dolli,Iglesias,diglesias89@unblog.fr,F,113072
Pru,Freeman,pfreeman8a@time.com,F,582920
Elena,Schimann,eschimann8b@sciencedirect.com,F,431499
Vale,Branscomb,vbranscomb8c@csmonitor.com,M,518000
Leonie,Dalman,ldalman8d@smh.com.au,F,567749
Byran,Westwick,bwestwick8e@oracle.com,M,227051
Aileen,Itzakovitz,aitzakovitz8f@blinklist.com,F,565080
Brinn,Girsch,bgirsch8g@google.ru,F,115390
Amery,Cawthron,acawthron8h@mashable.com,M,378917
Brendan,Oakwell,boakwell8i@huffingtonpost.com,M,254151
Corliss,Simnor,csimnor8j@ustream.tv,F,282856
Giulietta,Goddert.sf,ggoddertsf8k@ibm.com,F,254804
Fredelia,Jenk,fjenk8l@slate.com,F,289868
Reuben,Dreschler,rdreschler8m@ucoz.com,M,265950
Angel,Oganesian,aoganesian8n@phpbb.com,F,364075
Vivie,Hoodless,vhoodless8o@meetup.com,F,274401
Stormie,Boate,sboate8p@yahoo.com,F,140921
Katrina,Mills,kmills8q@geocities.jp,F,100132
Catrina,Canario,ccanario8r@cbsnews.com,F,582628
Karlan,Ridsdole,kridsdole8s@vistaprint.com,M,145417
Steffane,Douty,sdouty8t@theglobeandmail.com,F,139422
Melinda,Mewes,mmewes8u@mysql.com,F,
Auroora,Bartod,abartod8v@cdc.gov,F,570848
Jose,Piggen,jpiggen8w@time.com,M,331191
Jeralee,Warburton,jwarburton8x@fda.gov,F,318065
Terra,Alebrooke,talebrooke8y@pcworld.com,,515425
Cecilla,Laroze,claroze8z@hp.com,F,247132
Kaleena,Ducket,kducket90@wufoo.com,F,182386
Micki,Wither,mwither91@ovh.net,F,
Gerrie,Schiementz,gschiementz92@forbes.com,F,568943
Noel,Harses,nharses93@engadget.com,M,
Kerianne,Gudgen,kgudgen94@google.com.au,F,
Dode,Sneyd,dsneyd95@yale.edu,F,301822
Alic,Sparshott,asparshott96@springer.com,,77488
Gussi,Pedrocco,gpedrocco97@wiley.com,F,578891
Job,Gorini,jgorini98@theglobeandmail.com,M,236919
Clem,Binnell,cbinnell99@springer.com,M,340286
Thorsten,Rakestraw,trakestraw9a@over-blog.com,M,335114
Caressa,Reims,creims9b@opensource.org,F,151009
Dennie,Boskell,dboskell9c@reverbnation.com,M,488570
Izaak,Dale,idale9d@people.com.cn,M,347891
Isabella,Rissen,irissen9e@europa.eu,F,
Joana,Keeri,jkeeri9f@seesaa.net,F,54845
Hughie,Witherup,hwitherup9g@quantcast.com,M,166620
Leola,Herculeson,lherculeson9h@jalbum.net,,369008
Burty,Torricella,btorricella9i@blog.com,M,256031
Dalila,Scalera,dscalera9j@cyberchimps.com,F,537567
Stearne,Thornally,sthornally9k@storify.com,M,411997
Tana,Drei,tdrei9l@umn.edu,F,110412
Karissa,Dennett,kdennett9m@mit.edu,F,
Man,Pietraszek,mpietraszek9n@boston.com,M,151644
Kaylee,de la Tremoille,kdelatremoille9o@jalbum.net,F,275972
Anita,Fevers,afevers9p@quantcast.com,F,
Jephthah,Brognot,jbrognot9q@devhub.com,M,429384
Gilberte,Penney,gpenney9r@wiley.com,F,279509
Desmond,Dingivan,ddingivan9s@g.co,M,
Rebeka,McCard,rmccard9t@ocn.ne.jp,F,95258
Felisha,Playhill,fplayhill9u@ow.ly,F,426787
Renato,Worman,rworman9v@gov.uk,M,555651
Ambros,Twinbrow,atwinbrow9w@unicef.org,M,559425
Tobie,Patridge,tpatridge9x@loc.gov,M,297817
Rosella,Isselee,risselee9y@chron.com,F,267624
Hulda,Franzke,hfranzke9z@behance.net,F,282531
Aldo,Malden,amaldena0@samsung.com,M,170069
Shamus,Gerant,sgeranta1@purevolume.com,M,238148
Alyssa,von Hagt,avonhagta2@homestead.com,F,442385
Darleen,Featherstonhalgh,dfeatherstonhalgha3@statcounter.com,F,281071
Aubert,Catterell,acatterella4@google.de,M,422411
Giulio,Philippeaux,gphilippeauxa5@stanford.edu,M,422343
Emelda,Kemmons,ekemmonsa6@slideshare.net,F,76582
Paxon,Jakes,pjakesa7@google.co.uk,M,588786
Bo,Lambdin,blambdina8@altervista.org,M,184605
Lisa,Hale,lhalea9@ovh.net,F,267292
Selena,Whistan,swhistanaa@google.pl,F,132713
Maryanna,Smithend,msmithendab@lycos.com,F,547280
Mavis,Heynel,mheynelac@nih.gov,F,472672
Penelope,,pbeddonad@wikimedia.org,F,380523
Roxana,Manger,rmangerae@wordpress.com,F,188469
Emmery,Bowhay,ebowhayaf@addtoany.com,M,411017
Aeriel,Dibnah,adibnahag@opera.com,F,311463
Efrem,Rosenfrucht,erosenfruchtah@fastcompany.com,M,285921
Desdemona,Cotter,dcotterai@usgs.gov,F,
Teresa,Hannigan,thanniganaj@hibu.com,F,393131
Natale,Philott,nphilottak@geocities.com,M,
Cloe,Croxford,ccroxfordal@weebly.com,F,87188
Onfre,Snelle,osnelleam@nps.gov,M,180081
Ignacio,McCahey,imccaheyan@slideshare.net,M,570013
Ximenes,Ambrois,xambroisao@cbc.ca,M,204932
Ker,Broske,kbroskeap@devhub.com,M,360095
Lucia,Suthworth,lsuthworthaq@fastcompany.com,F,107451
Ned,Ayllett,nayllettar@geocities.jp,M,581417
Padriac,Hazeley,phazeleyas@npr.org,M,239668
Crosby,,cbrannanat@rambler.ru,M,463950
Madella,Blow,mblowau@artisteer.com,F,381245
Idell,O' Liddy,ioliddyav@google.com,F,414622
Kit,Knowlys,kknowlysaw@discovery.com,F,52707
Lucinda,Tebb,ltebbax@businessweek.com,F,486234
Minetta,Hodgins,mhodginsay@wikimedia.org,F,114833
Maurise,Rizzardini,mrizzardiniaz@telegraph.co.uk,M,274316
Travis,Culy,tculyb0@abc.net.au,M,486785
Mason,Keasey,mkeaseyb1@jalbum.net,M,92631
Gladys,Pentelow,gpentelowb2@census.gov,F,
Cynde,Orteu,corteub3@wiley.com,F,182954
Paddie,Dimbleby,pdimblebyb4@ox.ac.uk,M,105213
Jenilee,Fonzo,jfonzob5@paypal.com,F,123008
Penrod,Croall,pcroallb6@umich.edu,M,267261
Stanwood,Howles,showlesb7@nydailynews.com,M,327201
Leona,Nelsey,lnelseyb8@usatoday.com,F,344226
Janela,Bode,jbodeb9@loc.gov,F,494057
Yardley,,yupjohnba@go.com,M,104785
Keefe,Stobbes,kstobbesbb@1und1.de,M,240614
Kori,Bixley,kbixleybc@addtoany.com,F,450135
Elwira,Younghusband,eyounghusbandbd@blogtalkradio.com,F,455324
Elana,Dunphy,edunphybe@google.com,F,
Latia,Mills,lmillsbf@bizjournals.com,F,160901
Lazare,Scammell,lscammellbg@naver.com,M,445282
Karine,Bruntje,kbruntjebh@amazon.com,F,429662
Brady,Suthworth,bsuthworthbi@who.int,M,348809
Joshuah,Bonehill,jbonehillbj@dell.com,M,360249
Angelika,Hailes,ahailesbk@msu.edu,F,430315
Richmound,O'Hartagan,rohartaganbl@ehow.com,M,313227
Hoyt,Biggerstaff,hbiggerstaffbm@simplemachines.org,M,159280
Alvinia,Thebe,athebebn@homestead.com,F,348193
Lanny,Neat,lneatbo@desdev.cn,F,545016
Stanley,Halsey,shalseybp@tripod.com,M,243488
Titos,Garmon,tgarmonbq@t.co,M,223835
Averyl,Schult,aschultbr@msu.edu,F,388283
Trstram,Shilston,tshilstonbs@goo.ne.jp,M,511808
Linn,Hanley,lhanleybt@wunderground.com,M,225814
Luca,Posnette,lposnettebu@hostgator.com,M,
Cordie,Worsell,cworsellbv@pbs.org,M,472491
Doria,Gillice,dgillicebw@infoseek.co.jp,F,
Lucien,,ldurkerbx@prnewswire.com,M,456240
Farrah,Trewhela,ftrewhelaby@yale.edu,F,170356
Clerissa,Langley,clangleybz@latimes.com,F,501809
Zebulon,Bartalini,zbartalinic0@mozilla.com,M,469450
Abigail,Hegden,ahegdenc1@princeton.edu,F,178960
Rollie,Scholefield,rscholefieldc2@oaic.gov.au,M,578638
Padgett,O'Hickee,pohickeec3@drupal.org,M,116680
Ardeen,Ream,areamc4@webs.com,F,182039
Gretta,Leuty,gleutyc5@163.com,F,169368
Leonerd,Axcel,laxcelc6@4shared.com,M,95683
Maribelle,Yarrall,myarrallc7@aol.com,F,158181
Angela,Pakenham,apakenhamc8@ocn.ne.jp,F,355486
Sayers,Ungerecht,sungerechtc9@drupal.org,M,578202
Laure,Benini,lbeninica@barnesandnoble.com,F,
Alphonso,,amosedallcb@tuttocitta.it,M,64912
Muffin,Chatt,mchattcc@umich.edu,F,243088
Gus,Brandel,gbrandelcd@newyorker.com,F,147942
Bradford,Linton,blintonce@elpais.com,M,162921
Evangelia,,epadycf@smh.com.au,F,340820
Jeanna,Filippozzi,jfilippozzicg@usnews.com,F,197339
Thoma,Trotton,ttrottonch@gizmodo.com,M,
Ring,Fenby,rfenbyci@cyberchimps.com,M,290955
Lurlene,Bedenham,lbedenhamcj@ocn.ne.jp,F,435602
Zack,McAuslan,zmcauslanck@plala.or.jp,M,431825
Melisse,Dominico,mdominicocl@com.com,F,349443
Maridel,Billanie,mbillaniecm@people.com.cn,F,193715
Helenka,Bollam,hbollamcn@tinypic.com,F,486427
Ree,Lackinton,rlackintonco@163.com,F,371770
Kalinda,Muffitt,kmuffittcp@cargocollective.com,F,539112
Madelaine,Treleven,mtrelevencq@webs.com,F,
Chloe,Spurdon,cspurdoncr@ocn.ne.jp,F,444085
Nappie,Pearn,npearncs@lulu.com,M,503189
Sharlene,Sharnock,ssharnockct@oracle.com,F,
Tracie,MacCostye,tmaccostyecu@salon.com,F,423873
Jo,Jarred,jjarredcv@nifty.com,M,138194
Finley,Pesek,fpesekcw@wiley.com,M,
Barby,Hobden,bhobdencx@hibu.com,F,
Opalina,Phetteplace,ophetteplacecy@shareasale.com,F,
Charlean,Pack,cpackcz@noaa.gov,F,449842
Julio,Daughton,jdaughtond0@hp.com,M,569161
Montgomery,Clee,mcleed1@cocolog-nifty.com,M,491358
Dael,Tripney,dtripneyd2@pbs.org,F,291213
Claudie,Wickwar,cwickward3@vimeo.com,F,205946
Teador,Clutton,tcluttond4@addthis.com,M,
Lane,Sedgman,lsedgmand5@goodreads.com,M,323313
Coletta,MacIlory,cmaciloryd6@studiopress.com,F,137192
Ricky,Galton,rgaltond7@topsy.com,M,72504
De,Hursey,dhurseyd8@va.gov,F,103624
Moira,Fullalove,mfullaloved9@ftc.gov,F,
Vikki,Lattimore,vlattimoreda@boston.com,F,417449
Agatha,,asheddandb@nbcnews.com,F,446737
Diandra,Ludman,dludmandc@nhs.uk,F,208157
Farlie,Hammant,fhammantdd@bloglovin.com,M,
Ysabel,,ylintotde@soundcloud.com,F,117567
Trevar,Nipper,tnipperdf@opensource.org,M,299583
Gerhard,Mohun,gmohundg@angelfire.com,M,151755
Cleavland,Sweetland,csweetlanddh@usa.gov,M,146223
Heda,Chidwick,hchidwickdi@goodreads.com,F,72432
Thaddeus,Gass,tgassdj@tinyurl.com,M,357407
Odella,Hillhouse,ohillhousedk@phpbb.com,F,155093
Chancey,Tulloch,ctullochdl@adobe.com,M,176868
Olav,Vaissiere,ovaissieredm@miibeian.gov.cn,M,337472
Armand,Kundt,akundtdn@amazon.com,M,156506
Cindie,Malin,cmalindo@buzzfeed.com,F,538572
Mahalia,Fidelus,mfidelusdp@plala.or.jp,F,431006
Ad,Le Fleming,aleflemingdq@themeforest.net,M,275643
Zach,Lonnon,zlonnondr@mac.com,M,74787
Car,Drewson,cdrewsonds@so-net.ne.jp,M,191948
Casandra,Lehrahan,clehrahandt@biglobe.ne.jp,F,490551
Schuyler,Manueli,smanuelidu@auda.org.au,M,
Nelie,,nsnashalldv@people.com.cn,F,313599
Kristoffer,Wadesworth,kwadesworthdw@statcounter.com,M,319156
Thibaut,Llywarch,tllywarchdx@themeforest.net,M,328464
Cissy,Molyneux,cmolyneuxdy@cafepress.com,F,208520
Mohandis,Rarity,mraritydz@usatoday.com,M,472338
Carmen,Barstock,cbarstocke0@jalbum.net,F,357031
Britteny,Alexandersen,balexandersene1@odnoklassniki.ru,F,265650
Jud,McKerton,jmckertone2@utexas.edu,M,109137
Ilysa,Morrad,imorrade3@utexas.edu,F,207307
Brion,Schroeder,bschroedere4@tripadvisor.com,M,292208
Arlinda,Siehard,asieharde5@sina.com.cn,F,328478
Wallie,Yelding,wyeldinge6@liveinternet.ru,F,418563
Roderic,Nell,rnelle7@posterous.com,M,
Hestia,Walter,hwaltere8@abc.net.au,F,413121
Kip,Hulcoop,khulcoope9@cargocollective.com,M,559234
Ethelbert,Danjoie,edanjoieea@wikimedia.org,M,558263
Dale,Pattemore,dpattemoreeb@dailymotion.com,M,99024
Glyn,Norgan,gnorganec@vistaprint.com,F,188779
Phineas,Olexa,polexaed@va.gov,M,573267
Hetti,Jessop,hjessopee@naver.com,F,548267
Reece,Buckthought,rbuckthoughtef@nhs.uk,M,268888
Archy,Cummine,acummineeg@cornell.edu,M,418687
Kip,Gilkes,kgilkeseh@blinklist.com,M,63901
Chan,Lydiard,clydiardei@hugedomains.com,M,186078
Mareah,Coward,mcowardej@digg.com,F,405708
Chevy,Hazelhurst,chazelhurstek@tinyurl.com,M,439928
Ade,Canton,acantonel@angelfire.com,M,374825
Abeu,Clarabut,aclarabutem@paginegialle.it,M,454257
Billy,Gateshill,bgateshillen@360.cn,,
Xenos,Chasmoor,xchasmooreo@studiopress.com,M,590371
Basilio,Maggill'Andreis,bmaggillandreisep@trellian.com,M,460476
Barney,Tureville,bturevilleeq@taobao.com,M,473246
Andrei,Woofendell,awoofendeller@histats.com,F,161530
Everett,Gillibrand,egillibrandes@wunderground.com,M,145976
Aldous,Posner,aposneret@japanpost.jp,M,413306
Solomon,Sharple,ssharpleeu@amazon.com,M,
Cinda,Rebichon,crebichonev@quantcast.com,F,211102
Brit,Tixier,btixierew@senate.gov,M,
Alexio,Danher,adanherex@godaddy.com,M,161548
Lothaire,De Vaan,ldevaaney@nydailynews.com,,470966
Fabio,Fominov,ffominovez@rambler.ru,M,160381
Alyda,Fierro,afierrof0@seesaa.net,F,139130
Ashla,Fildes,afildesf1@istockphoto.com,F,521766
Donica,Ferriere,dferrieref2@pcworld.com,F,71822
Calypso,Rowlinson,crowlinsonf3@github.io,F,289637
Elihu,Kemitt,ekemittf4@weebly.com,M,312969
Travers,Fink,tfinkf5@chron.com,M,554256
Corella,Gammel,cgammelf6@godaddy.com,F,394694
Jeffrey,Martlew,jmartlewf7@uiuc.edu,M,
Ragnar,Swendell,rswendellf8@storify.com,M,579792
Tome,,tlydsterf9@google.co.jp,M,584278
Herta,Baskeyfield,hbaskeyfieldfa@biblegateway.com,F,513212
Zollie,Winterton,zwintertonfb@1688.com,M,149626
Hebert,Joslow,hjoslowfc@ox.ac.uk,M,
Pauline,Hallitt,phallittfd@hugedomains.com,F,545321
Kathy,Schreiner,kschreinerfe@blinklist.com,F,218383
Dennison,Jaffrey,djaffreyff@tinypic.com,M,379810
Oberon,Buckoke,obuckokefg@drupal.org,M,369027
Genovera,Kezor,gkezorfh@symantec.com,F,92838
Gray,,gscroggiefi@moonfruit.com,M,
Lek,Gumm,lgummfj@msu.edu,M,
Hynda,Aldus,haldusfk@springer.com,F,363150
Suzanne,Mark,smarkfl@nifty.com,F,142802
Emmalyn,Brixey,ebrixeyfm@sfgate.com,F,410237
Indira,Wraighte,iwraightefn@pagesperso-orange.fr,F,559730
Roderick,Moreno,rmorenofo@digg.com,M,396437
Hilton,Varne,hvarnefp@earthlink.net,M,582093
Hilda,Dods,hdodsfq@oaic.gov.au,F,140109
Agna,Codd,acoddfr@washingtonpost.com,F,53798
Carl,Gidney,cgidneyfs@tamu.edu,M,58876
Jasmine,Landon,jlandonft@github.io,F,276937
Ortensia,Veryard,overyardfu@ning.com,F,557009
Maurice,Goaley,mgoaleyfv@deviantart.com,,72111
Camella,Kebbell,ckebbellfw@arizona.edu,F,
Barbra,Heisman,bheismanfx@vimeo.com,F,314254
Warden,Rojel,wrojelfy@gov.uk,M,
Cristiano,Gripton,cgriptonfz@dell.com,M,56560
Wynny,Yeliashev,wyeliashevg0@kickstarter.com,F,86888
Merrill,Crookshank,mcrookshankg1@wikispaces.com,F,405753
Yettie,Bourthoumieux,ybourthoumieuxg2@intel.com,F,500592
Wye,Houlton,whoultong3@sina.com.cn,M,548487
Arron,Meeks,ameeksg4@ucsd.edu,M,588257
Henryetta,Fantin,hfanting5@networkadvertising.org,F,176423
Si,,schreeg6@google.fr,M,459551
Gerhard,Gabala,ggabalag7@rambler.ru,M,306568
Gnni,Sharple,gsharpleg8@engadget.com,F,395077
Benn,Instone,binstoneg9@census.gov,M,467772
Kalli,Adolphine,kadolphinega@lulu.com,F,
Gerik,Brotherton,gbrothertongb@msu.edu,M,373564
Orelle,Ownsworth,oownsworthgc@wix.com,F,479364
Nikolas,Passo,npassogd@oaic.gov.au,M,319320
Jamal,McGaugan,jmcgaugange@xrea.com,M,152257
Johnathan,Bencher,jbenchergf@smh.com.au,M,405936
Laurens,Coryndon,lcoryndongg@independent.co.uk,M,371653
Carlita,Cathee,ccatheegh@yandex.ru,F,
Rab,Hirsch,rhirschgi@joomla.org,M,208362
Jeanna,Cawood,jcawoodgj@bbc.co.uk,F,160052
Cristina,Yarnton,cyarntongk@boston.com,F,197741
Neron,Parmer,nparmergl@bloglines.com,M,
Phyllys,Starbuck,pstarbuckgm@mozilla.org,F,252582
Erin,Nevins,enevinsgn@geocities.com,M,200833
Laughton,O'Mullaney,lomullaneygo@indiatimes.com,M,367195
Marieann,Penvarne,mpenvarnegp@irs.gov,F,296228
Florie,Grigson,fgrigsongq@google.it,F,278271
Gypsy,Gerriet,ggerrietgr@behance.net,F,87917
Lainey,Lafuente,llafuentegs@cbc.ca,F,183997
Kenton,Stuchberry,kstuchberrygt@cnbc.com,M,129690
Bobina,Ech,bechgu@msn.com,F,538513
Torey,Clohissy,tclohissygv@mapquest.com,M,161861
Willy,Gallegos,wgallegosgw@liveinternet.ru,M,80161
Cindra,Hazelden,chazeldengx@goo.ne.jp,F,293124
Oralie,,ogaifordgy@skype.com,F,419148
Belia,Fieldstone,bfieldstonegz@privacy.gov.au,F,337624
Liliane,Rodmell,lrodmellh0@networksolutions.com,F,554738
Conant,Denial,cdenialh1@gravatar.com,M,451201
Robert,Boyack,rboyackh2@dell.com,M,72154
Tarrance,Cinelli,tcinellih3@tamu.edu,M,346146
Yanaton,Conigsby,yconigsbyh4@webmd.com,M,258568
Sidnee,Eatock,seatockh5@smugmug.com,M,372792
Kalindi,Gariff,kgariffh6@example.com,F,339099
Ingaberg,Buchanan,ibuchananh7@upenn.edu,F,
Iorgos,Dispencer,idispencerh8@hexun.com,M,473155
Barn,Halcro,bhalcroh9@dell.com,M,478268
Brucie,Lochran,blochranha@mashable.com,M,578734
Paule,Chevalier,pchevalierhb@weibo.com,F,177009
Wren,Perryn,wperrynhc@dmoz.org,F,
Deedee,Accombe,daccombehd@bloglovin.com,F,131887
Bianka,Pears,bpearshe@un.org,F,168347
Marco,McNeil,mmcneilhf@sphinn.com,M,346370
Isa,Dutteridge,idutteridgehg@wiley.com,F,325128
Tandy,Shevlin,tshevlinhh@marriott.com,F,451656
Ray,Damant,rdamanthi@w3.org,F,260718
Hussein,Calendar,hcalendarhj@go.com,M,202883
Decca,Lidgley,dlidgleyhk@eepurl.com,M,144954
Kaia,Huleatt,khuleatthl@parallels.com,F,567470
Thorin,Ducaen,tducaenhm@usatoday.com,M,433945
Dyana,Thiem,dthiemhn@illinois.edu,F,409319
Franzen,Klas,fklasho@ucsd.edu,M,537294
Kathryne,Bryns,kbrynshp@craigslist.org,F,462744
Cassandry,Kybert,ckyberthq@youtu.be,F,564037
Greer,Croisier,gcroisierhr@addtoany.com,F,588665
Darnell,Tantrum,dtantrumhs@ask.com,M,314458
Jeane,Cavil,jcavilht@usatoday.com,F,242752
Celesta,Kingh,ckinghhu@furl.net,F,525388
Alaine,Micallef,amicallefhv@list-manage.com,F,588867
Umberto,,uellcomehw@europa.eu,M,439893
Elton,Crew,ecrewhx@amazon.de,M,357391
Jacob,Augustin,jaugustinhy@opensource.org,M,217964
Kandace,Drinkall,kdrinkallhz@nba.com,F,402347
Mathe,Scotts,mscottsi0@jiathis.com,M,168442
Godwin,Giacobo,ggiacoboi1@ca.gov,M,364018
Brewer,Cathro,bcathroi2@free.fr,M,356957
Sophey,,sclaideni3@technorati.com,F,63219
Ab,Snelson,asnelsoni4@va.gov,M,104560
Priscella,Harraway,pharrawayi5@dmoz.org,F,598823
Bertine,Bailie,bbailiei6@huffingtonpost.com,F,282464
Tirrell,MacCarroll,tmaccarrolli7@eventbrite.com,M,468730
Hillier,Barthrup,hbarthrupi8@mtv.com,M,334950
Waverley,Van der Son,wvandersoni9@un.org,M,377597
Kassandra,Bart,kbartia@gizmodo.com,F,598407
Marven,Widdowfield,mwiddowfieldib@virginia.edu,M,396556
Stefanie,Hadigate,shadigateic@ed.gov,F,434583
Bald,Gulliver,bgulliverid@google.fr,M,358224
Natty,Babington,nbabingtonie@spotify.com,F,575535
Eustace,Deluze,edeluzeif@spotify.com,M,
Ava,Doughty,adoughtyig@1und1.de,F,360952
Jillane,O'Kennavain,jokennavainih@reverbnation.com,F,55210
Cecile,Aires,cairesii@wordpress.org,F,246779
Briano,Order,borderij@weebly.com,M,404821
Tracey,Blewmen,tblewmenik@comsenz.com,M,375069
Giustina,Abbay,gabbayil@sphinn.com,F,175832
Anette,Clausen,aclausenim@chicagotribune.com,F,206112
Willy,Le Fevre,wlefevrein@newsvine.com,F,424565
Alene,Stave,astaveio@booking.com,F,115406
Frank,Grimley,fgrimleyip@cnbc.com,M,371713
Mayor,Shilston,mshilstoniq@intel.com,M,451423
Welsh,Strattan,wstrattanir@time.com,M,118782
Mill,O'Hartnedy,mohartnedyis@webs.com,M,191290
Derick,Bussens,dbussensit@seesaa.net,M,
Stevena,Sanney,ssanneyiu@skyrock.com,F,122176
Howey,Faithorn,hfaithorniv@ow.ly,M,
Malanie,Spencook,mspencookiw@amazon.co.uk,F,264858
Wallache,McCord,wmccordix@statcounter.com,M,380541
Flossi,Bridle,fbridleiy@shareasale.com,F,538453
Rosana,Cicchelli,rcicchelliiz@meetup.com,,83294
Harlan,Lawley,hlawleyj0@about.me,M,129026
Ferrel,Tomich,ftomichj1@geocities.jp,M,454156
Forster,Bonniface,fbonnifacej2@google.de,M,58790
Page,Gresly,pgreslyj3@msn.com,F,476078
Callie,Filov,cfilovj4@lycos.com,F,528361
Luciana,Elleyne,lelleynej5@drupal.org,F,532914
Lola,Jerred,ljerredj6@bloglovin.com,F,471397
Loreen,Haggata,lhaggataj7@japanpost.jp,F,263889
Rorke,Hancell,rhancellj8@deviantart.com,M,366845
Sibilla,Ferrige,sferrigej9@phpbb.com,F,113169
Ivor,Lorden,ilordenja@youku.com,M,394971
Paolo,Howett,phowettjb@ifeng.com,M,589870
Carole,Karpol,ckarpoljc@msu.edu,F,242321
Dougie,Bonick,dbonickjd@furl.net,M,156711
Fianna,Dumingo,fdumingoje@surveymonkey.com,F,477478
Sasha,Guilbert,sguilbertjf@businessweek.com,M,353921
Lorrie,,lcracknelljg@theglobeandmail.com,M,285909
Donaugh,Ketley,dketleyjh@edublogs.org,M,66545
Sheffie,Goldsbrough,sgoldsbroughji@europa.eu,M,518391
Nedda,Saffin,nsaffinjj@smh.com.au,F,246886
Yvonne,Meddemmen,ymeddemmenjk@pagesperso-orange.fr,F,75975
Marie-jeanne,Bernlin,mbernlinjl@rakuten.co.jp,F,214131
Dorri,De la Harpe,ddelaharpejm@wsj.com,F,307649
Belita,Capelle,bcapellejn@1und1.de,F,135393
Brandtr,Wolfers,bwolfersjo@blogspot.com,M,296117
Ryon,Mansbridge,rmansbridgejp@abc.net.au,M,167802
Hurlee,Conn,hconnjq@nps.gov,M,533286
Huey,,hfearonjr@microsoft.com,M,549137
Daloris,Pedrollo,dpedrollojs@epa.gov,F,525852
Dulcie,Gepheart,dgepheartjt@moonfruit.com,F,562074
Frasquito,Simonetto,fsimonettoju@hugedomains.com,M,465193
Jose,Blackston,jblackstonjv@go.com,M,
Felicia,Maudson,fmaudsonjw@ucoz.ru,F,447915
Amaleta,Duce,aducejx@eepurl.com,F,198630
Ancell,Reyburn,areyburnjy@dailymotion.com,M,236397
Ardisj,Haylands,ahaylandsjz@reddit.com,F,383119
Darleen,Heineking,dheinekingk0@technorati.com,F,384330
Boote,Limon,blimonk1@yale.edu,M,567411
Netta,Paolo,npaolok2@amazon.co.uk,F,
Aggie,Groombridge,agroombridgek3@tumblr.com,F,133944
Waldon,Rahill,wrahillk4@fda.gov,M,211446
Adiana,Ruffli,arufflik5@digg.com,F,583643
Marina,Zotto,mzottok6@bloglines.com,F,369827
Alexandros,Wixon,awixonk7@netlog.com,M,80573
Guthry,Servant,gservantk8@alibaba.com,M,561801
Phineas,Fawthrop,pfawthropk9@reverbnation.com,M,171611
Marcelle,Moorton,mmoortonka@mozilla.com,F,402913
Penni,Barendtsen,pbarendtsenkb@hostgator.com,F,144567
Philip,Odgers,podgerskc@wp.com,M,183568
Arlena,,aatchesonkd@discovery.com,F,194414
Elsinore,Heritege,eheritegeke@t.co,F,538760
Nevins,,ndemarchikf@netscape.com,M,
Andy,Duffield,aduffieldkg@list-manage.com,M,492557
Jessie,Siflet,jsifletkh@statcounter.com,M,491224
Geri,Freund,gfreundki@studiopress.com,M,102105
Gus,Jovanovic,gjovanovickj@hibu.com,M,505489
Olly,Paur,opaurkk@icio.us,F,377225
Frank,Conew,fconewkl@t.co,M,
Arnuad,Fritzer,afritzerkm@weebly.com,M,416252
Stanwood,Nevinson,snevinsonkn@yellowpages.com,M,319992
Micheline,Szymanzyk,mszymanzykko@netvibes.com,F,466100
Edwina,Meiklam,emeiklamkp@meetup.com,F,399990
Mac,Wrankmore,mwrankmorekq@admin.ch,M,
Jeffry,Knuckles,jknuckleskr@xing.com,M,356072
Cleveland,,ccomizzoliks@eventbrite.com,M,391631
Allsun,Laurie,alauriekt@mlb.com,F,219285
Mohammed,Rraundl,mrraundlku@mysql.com,M,232890
Robinson,Billyard,rbillyardkv@oakley.com,M,320597
Lauren,Betchley,lbetchleykw@wordpress.org,M,209382
Vonny,Cordeiro,vcordeirokx@com.com,F,403860
Seka,Chstney,schstneyky@cnet.com,F,288697
Nomi,Heinel,nheinelkz@oracle.com,,
Esra,Dilland,edillandl0@wiley.com,M,51250
Darcee,Tripney,dtripneyl1@businessweek.com,F,128942
Josy,Fleet,jfleetl2@princeton.edu,F,270843
Kenon,Brymham,kbrymhaml3@reverbnation.com,M,324501
Bobby,Tivnan,btivnanl4@surveymonkey.com,F,452326
Cammy,Dayce,cdaycel5@homestead.com,M,57793
Ansel,Fausset,afaussetl6@digg.com,M,304673
Adara,Ghione,aghionel7@so-net.ne.jp,F,446844
Godfrey,Saffran,gsaffranl8@sphinn.com,M,230926
Vincents,Couzens,vcouzensl9@wisc.edu,M,485051
Bryn,Claringbold,bclaringboldla@pcworld.com,F,402393
Eilis,Gainsford,egainsfordlb@ucoz.ru,F,199648
Savina,Dunabie,sdunabielc@techcrunch.com,F,289427
Dasie,Matyatin,dmatyatinld@biblegateway.com,F,136257
Red,Oliff,roliffle@smh.com.au,M,382711
Kathlin,Geall,kgealllf@privacy.gov.au,,295456
Dillon,Pendre,dpendrelg@homestead.com,M,
Blake,Bradie,bbradielh@i2i.jp,M,176906
Sidnee,Cavil,scavilli@huffingtonpost.com,M,77758
Malchy,Onians,monianslj@twitter.com,M,495537
Phillipe,Brafield,pbrafieldlk@joomla.org,M,377497
Giulio,MacGilrewy,gmacgilrewyll@blogs.com,M,456490
Emmaline,Halbord,ehalbordlm@chronoengine.com,F,83148
Perren,Darth,pdarthln@yahoo.co.jp,M,430803
Maggie,Camell,mcamelllo@g.co,F,334645
Mack,Jouannot,mjouannotlp@wired.com,M,111086
Abbey,Priestley,apriestleylq@toplist.cz,F,81222
Kennett,Foale,kfoalelr@people.com.cn,M,306542
Norman,Ilyuchyov,nilyuchyovls@samsung.com,M,195854
Tonie,O'Tuohy,totuohylt@blog.com,F,
Goraud,Fothergill,gfothergilllu@washingtonpost.com,M,504963
Alistair,Brehaut,abrehautlv@berkeley.edu,M,557187
Gordie,Francesconi,gfrancesconilw@youku.com,M,568131
Harmonie,Swinley,hswinleylx@sourceforge.net,F,
Tildie,Haughton,thaughtonly@technorati.com,F,351891
Arch,Gardener,agardenerlz@wiley.com,M,
Brod,Bowskill,bbowskillm0@surveymonkey.com,M,472228
Mortimer,Collman,mcollmanm1@edublogs.org,M,86854
Melicent,Trousdell,mtrousdellm2@instagram.com,F,390775
Rosalinde,Ossenna,rossennam3@earthlink.net,F,127046
Jamesy,Whilder,jwhilderm4@tinyurl.com,M,246504
Bidget,Winger,bwingerm5@wikimedia.org,F,329763
Tessi,Dunkerton,tdunkertonm6@japanpost.jp,F,
Barbee,Tewes,btewesm7@newsvine.com,F,163422
Kirbee,Spours,kspoursm8@123-reg.co.uk,F,503346
Hana,Minter,hminterm9@twitter.com,F,
Barty,Gowen,bgowenma@ed.gov,M,347166
Pet,Berthel,pberthelmb@usa.gov,F,74470
Mel,Petkens,mpetkensmc@wisc.edu,F,353977
Heall,Athy,hathymd@elpais.com,M,232037
Stan,Demcik,sdemcikme@google.pl,M,65221
Frayda,Britcher,fbritchermf@zdnet.com,F,148422
Enos,Venediktov,evenediktovmg@ustream.tv,M,409743
Budd,Henrion,bhenrionmh@yellowpages.com,M,230266
Rosy,Tibalt,rtibaltmi@whitehouse.gov,F,414364
Kellyann,Dabney,kdabneymj@geocities.jp,F,327782
Anjela,Yielding,ayieldingmk@sciencedirect.com,F,375289
Chicky,Pieterick,cpieterickml@un.org,M,
Helsa,Eves,hevesmm@jalbum.net,F,299062
Moe,Boyack,mboyackmn@sphinn.com,M,485411
Tessa,Henaughan,thenaughanmo@mlb.com,F,327973
Ernesto,Hardy-Piggin,ehardypigginmp@creativecommons.org,M,171812
Phillis,Punshon,ppunshonmq@google.pl,F,53711
Monro,Holdforth,mholdforthmr@barnesandnoble.com,M,343539
Reed,Woodsford,rwoodsfordms@vk.com,M,174526
Orville,Haward,ohawardmt@clickbank.net,M,57376
Ami,Blaes,ablaesmu@fema.gov,F,492381
Hamish,Cello,hcellomv@com.com,M,352121
Lida,Snead,lsneadmw@marriott.com,F,421324
Zared,Rouby,zroubymx@dell.com,M,128123
Dynah,Petrushka,dpetrushkamy@va.gov,F,268608
Amalita,Sheffield,asheffieldmz@usda.gov,F,554063
Crystie,Chomley,cchomleyn0@kickstarter.com,F,233657
Tobiah,,tstrathdeen1@paypal.com,M,363480
Lois,Helkin,lhelkinn2@hexun.com,F,175078
Laurent,Eymor,leymorn3@privacy.gov.au,M,182748
Marika,Laphorn,mlaphornn4@facebook.com,,556637
Hobard,Zorn,hzornn5@who.int,M,490026
Dannel,Philipeau,dphilipeaun6@unicef.org,M,65177
Franchot,Camies,fcamiesn7@webs.com,M,467409
Patricia,Cornels,pcornelsn8@go.com,F,148927
Evie,Collimore,ecollimoren9@toplist.cz,,134698
Kacey,Kinmond,kkinmondna@omniture.com,F,
Bernhard,Guillond,bguillondnb@wunderground.com,M,554984
Nonna,Matthewson,nmatthewsonnc@technorati.com,F,
Candida,Shackle,cshacklend@gnu.org,F,172201
Cherice,,cbrundalene@mac.com,F,294121
Ferrel,Punt,fpuntnf@storify.com,M,369608
Herbie,Grahlman,hgrahlmanng@youku.com,M,241169
Hirsch,Gawthorpe,hgawthorpenh@delicious.com,M,570929
Trude,Grisewood,tgrisewoodni@cloudflare.com,,78269
Jefferey,Hesbrook,jhesbrooknj@chronoengine.com,M,402242
Alexandr,Antill,aantillnk@hibu.com,M,144652
Byrom,Reignolds,breignoldsnl@huffingtonpost.com,M,79475
Raynell,Stilgoe,rstilgoenm@friendfeed.com,F,107782
Husain,Lacotte,hlacottenn@nature.com,M,149909
Hagan,Ilden,hildenno@nasa.gov,M,436135
Aloysius,Broxis,abroxisnp@google.pl,M,473758
Mary,Esseby,messebynq@earthlink.net,F,575012
Dino,Jude,djudenr@nasa.gov,M,
Horten,Poure,hpourens@virginia.edu,,252874
Hyatt,Kleinpeltz,hkleinpeltznt@fda.gov,M,225429
Doretta,Patzelt,dpatzeltnu@geocities.com,F,289917
Ezra,Reucastle,ereucastlenv@hostgator.com,M,297235
Thorin,Eddisforth,teddisforthnw@home.pl,M,251103
Bealle,De Lascy,bdelascynx@wikimedia.org,M,510968
Anabal,Letessier,aletessierny@engadget.com,F,579127
Rosalind,Tripcony,rtripconynz@rakuten.co.jp,F,
Starr,McCarly,smccarlyo0@usda.gov,F,
Geoffrey,Hartgill,ghartgillo1@ihg.com,M,136932
Byron,Brown,bbrowno2@house.gov,M,441466
Waldon,Jessen,wjesseno3@slate.com,M,138231
Winonah,Hamal,whamalo4@weebly.com,F,198525
Janie,Casazza,jcasazzao5@howstuffworks.com,F,381642
Artair,Yeudall,ayeudallo6@deviantart.com,M,238868
Glenden,Ghent,gghento7@ifeng.com,M,342688
Salmon,Poytress,spoytresso8@prnewswire.com,M,466743
Chevy,Chesworth,ccheswortho9@bigcartel.com,M,111695
Woodrow,Skipton,wskiptonoa@sogou.com,M,64165
Erminie,Salters,esaltersob@creativecommons.org,F,
Maxie,Jerromes,mjerromesoc@imageshack.us,M,150639
Tanner,Halligan,thalliganod@oakley.com,M,393021
Corry,Lope,clopeoe@youtube.com,F,185572
Cammy,Kidwell,ckidwellof@huffingtonpost.com,F,118814
Shir,Vickar,svickarog@squarespace.com,F,
Dino,Holberry,dholberryoh@admin.ch,M,308471
Rochelle,Gutowski,rgutowskioi@hud.gov,F,502621
Andee,Seamans,aseamansoj@hud.gov,F,
Chevalier,Atcherley,catcherleyok@bbc.co.uk,M,199924
Alva,Breitling,abreitlingol@opensource.org,M,87094
Orbadiah,Shillam,oshillamom@tamu.edu,M,336966
Alli,Heaysman,aheaysmanon@columbia.edu,F,232783
Bebe,Draayer,bdraayeroo@livejournal.com,F,406061
Pauli,Chimes,pchimesop@bloglines.com,F,193482
Cherice,Finnes,cfinnesoq@harvard.edu,F,457269
Ivette,Kaasmann,ikaasmannor@hhs.gov,F,374799
Brice,Lumsdale,blumsdaleos@cnet.com,M,584144
Hana,Felten,hfeltenot@washingtonpost.com,F,320696
Gayle,Addekin,gaddekinou@google.com.au,F,194319
Gustavo,Leonards,gleonardsov@ning.com,M,
Ashly,Giacomucci,agiacomucciow@hatena.ne.jp,F,343554
Wyndham,Lasham,wlashamox@macromedia.com,M,425375
Joseph,McCuaig,jmccuaigoy@walmart.com,M,
Moyra,O' Hogan,mohoganoz@whitehouse.gov,F,505005
Teresa,Leet,tleetp0@mayoclinic.com,F,55552
Teodor,Beere,tbeerep1@cmu.edu,,126839
Mame,Fasey,mfaseyp2@google.cn,F,543111
Ab,Lingard,alingardp3@dailymotion.com,M,367545
Jacquenetta,Tink,jtinkp4@unblog.fr,F,491662
Sabina,Parks,sparksp5@ifeng.com,F,307895
Adler,Ferenczy,aferenczyp6@networkadvertising.org,M,453013
Lelia,Bowerman,lbowermanp7@is.gd,F,475444
Siusan,Huguenet,shuguenetp8@soup.io,,80132
Riobard,Warne,rwarnep9@mac.com,M,595087
Harmony,Oliveras,holiveraspa@tiny.cc,F,
Emmanuel,Treadgear,etreadgearpb@simplemachines.org,M,395776
Jessi,Raun,jraunpc@amazon.de,F,512812
Orville,Pim,opimpd@adobe.com,M,216281
Daron,Eliot,deliotpe@t.co,M,64093
Bourke,Ciccotto,bciccottopf@amazon.de,M,89091
Karoly,Bockmaster,kbockmasterpg@ifeng.com,M,120244
Bert,Perfitt,bperfittph@usda.gov,F,430757
Kippy,Wisniowski,kwisniowskipi@disqus.com,F,366626
Raynard,Colston,rcolstonpj@answers.com,M,534415
Valeria,Eva,vevapk@apache.org,F,580370
Artus,Haug,ahaugpl@unc.edu,M,279345
Dru,Frankel,dfrankelpm@ow.ly,F,
Lowe,Leys,lleyspn@oakley.com,M,539885
Carola,,ciliffepo@taobao.com,F,
Skylar,MacRorie,smacroriepp@alibaba.com,M,78325
Chevalier,Small,csmallpq@google.com.au,M,477956
Murray,Boraston,mborastonpr@google.co.jp,M,185237
Zachery,Jaffa,zjaffaps@uiuc.edu,M,362567
Ema,Martyn,emartynpt@furl.net,F,580495
Myrtie,Alvarado,malvaradopu@dailymail.co.uk,F,448662
Babara,Pairpoint,bpairpointpv@mediafire.com,F,514529
Cully,Lyver,clyverpw@hibu.com,M,86387
Ewell,Piggin,epigginpx@dot.gov,M,395124
Michel,MacKnight,mmacknightpy@theguardian.com,F,191801
Fabian,Medler,fmedlerpz@imdb.com,M,484991
Simonne,Leahey,sleaheyq0@samsung.com,F,245569
Basilius,Nurden,bnurdenq1@flavors.me,M,394082
Dorene,Gunningham,dgunninghamq2@va.gov,F,202554
Hilary,Houchin,hhouchinq3@comsenz.com,M,436251
Edgard,Genike,egenikeq4@facebook.com,M,274736
Micky,De Ortega,mdeortegaq5@businesswire.com,M,136744
Saul,Bockett,sbockettq6@blinklist.com,M,209260
Arthur,Ditch,aditchq7@printfriendly.com,M,201503
Boniface,Drewitt,bdrewittq8@cnbc.com,M,476765
Alessandro,Paffitt,apaffittq9@paginegialle.it,M,194825
Walliw,Drennan,wdrennanqa@disqus.com,F,482560
Veronika,Nardi,vnardiqb@instagram.com,F,439438
Hector,Tebbe,htebbeqc@businessinsider.com,M,184202
Merle,Delacroix,mdelacroixqd@free.fr,F,388028
Hurley,Thursfield,hthursfieldqe@tumblr.com,M,345986
Devlen,Ever,deverqf@japanpost.jp,M,421949
Claus,Camfield,ccamfieldqg@epa.gov,M,491206
Sybille,,sstringmanqh@usatoday.com,F,
Ruprecht,Tramel,rtramelqi@163.com,M,391133
Reginald,Cottie,rcottieqj@imdb.com,M,226643
Zilvia,Riddall,zriddallqk@wiley.com,F,
Filmore,Care,fcareql@bing.com,M,90637
Amy,Tolworthie,atolworthieqm@accuweather.com,F,259821
Doralia,Brownsall,dbrownsallqn@t-online.de,F,426311
Ellynn,Trevallion,etrevallionqo@histats.com,F,
Abbe,,amosdillqp@w3.org,M,
Addia,Sevior,aseviorqq@reuters.com,F,355560
Billi,Woolforde,bwoolfordeqr@forbes.com,F,
Shellysheldon,Spearing,sspearingqs@theatlantic.com,M,522744
Berny,Wadlow,bwadlowqt@exblog.jp,M,446683
Terrell,Manson,tmansonqu@scientificamerican.com,M,301947
Abdel,Cosham,acoshamqv@godaddy.com,M,106589
Joelle,Smallwood,jsmallwoodqw@squidoo.com,F,168936
Rici,Trillo,rtrilloqx@gravatar.com,F,594257
Agretha,Craigmile,acraigmileqy@opera.com,F,467364
Hortense,Follit,hfollitqz@miitbeian.gov.cn,F,106611
Clarissa,Houchen,chouchenr0@examiner.com,F,495345
Reinaldos,Alfonso,ralfonsor1@cisco.com,M,213527
Katina,Sidebotham,ksidebothamr2@creativecommons.org,F,552895
Flemming,Crippin,fcrippinr3@amazonaws.com,M,
Allene,Kocher,akocherr4@hubpages.com,F,145760
Rodney,Tilne,rtilner5@yahoo.co.jp,M,305258
Cyrille,McLean,cmcleanr6@nature.com,M,
Bamby,Horsell,bhorsellr7@ocn.ne.jp,F,351534
Aurie,Glentz,aglentzr8@dailymotion.com,F,402985
Rodolfo,Jacobsohn,rjacobsohnr9@bing.com,M,410652
Oswald,Seely,oseelyra@goo.ne.jp,M,75475
Meara,Robens,mrobensrb@wikimedia.org,F,162646
Ricky,McClaughlin,rmcclaughlinrc@issuu.com,M,302141
Merissa,Farthin,mfarthinrd@google.com,F,570175
Pooh,Eidelman,peidelmanre@mediafire.com,M,115408
Aigneis,Peatheyjohns,apeatheyjohnsrf@yellowpages.com,F,227664
Traci,Whisson,twhissonrg@phpbb.com,F,230336
Ozzie,Coggan,ocogganrh@taobao.com,M,359501
Ernesta,Scupham,escuphamri@ocn.ne.jp,F,308918
Ermentrude,Goreway,egorewayrj@123-reg.co.uk,F,62966
Chrisy,Keatley,ckeatleyrk@google.co.uk,M,385496
Basil,Pelman,bpelmanrl@cargocollective.com,M,530263
Bradly,Impy,bimpyrm@ow.ly,M,226311
Cecilius,Thandi,cthandirn@webmd.com,M,235472
Angelita,Cadany,acadanyro@domainmarket.com,F,497187
Henrieta,MacAlpin,hmacalpinrp@theguardian.com,F,163738
Kessia,Walsh,kwalshrq@hexun.com,F,398477
Aldon,Claxton,aclaxtonrr@cafepress.com,M,493843
